{"cameraMode":{"drawMode":0,"name":"Shaded","section":"Shading Mode"},"sceneLighting":false,"audioPlay":false,"sceneViewState":{"showFog":true,"showMaterialUpdate":false,"showSkybox":true,"showFlares":true,"showImageEffects":true,"showParticleSystems":true},"in2DMode":false,"pivot":{"x":1.6277762651443482,"y":0.02439391054213047,"z":0.2042236328125},"rotation":{"x":-0.3391554653644562,"y":-0.04850314185023308,"z":0.017511088401079179,"w":-0.9393121004104614},"size":13.130319595336914,"orthographic":false}